{
  "base_per_diem": 80,
  "five_day_bonus_rate": 0.1034112476545865,
  "mileage_rate_0": 0.45399274434323605,
  "mileage_rate_1": 0.4046296016314195,
  "mileage_rate_2": 0.41032606580561776,
  "mileage_rate_3": 0.3725047551888569,
  "mileage_rate_4": 0.2962017471398268,
  "mileage_tier_1": 106.42759949984702,
  "mileage_tier_2": 377.0869713081628,
  "mileage_tier_3": 770.626660804887,
  "mileage_tier_4": 1135.1394550488187,
  "efficiency_bonus": 0.02,
  "efficiency_low": 170.3937064741897,
  "efficiency_high": 200,
  "small_receipt_thresh": 53.152721257135,
  "small_receipt_penalty": 0.712188446303706,
  "medium_receipt_low": 42.5410208010922,
  "medium_receipt_high": 688.1999771998682,
  "medium_receipt_coverage": 0.8092730756457045,
  "high_receipt_coverage": 0.9353888570437948,
  "cluster_mult_0": 0.9334027926804112,
  "cluster_mult_1": 1.001730868398635,
  "cluster_mult_2": 0.820812158006454,
  "cluster_mult_3": 0.9,
  "cluster_mult_4": 0.9143939828054864,
  "cluster_mult_5": 0.9590626230710213
}